<?xml version="1.0" encoding="UTF-8"?>
<!DOCTYPE mapper PUBLIC "-//mybatis.org//DTD Mapper 3.0//EN" "http://mybatis.org/dtd/mybatis-3-mapper.dtd">
<mapper namespace="com.blog.mapper.table.AccessSourceMapper" >

    <select id="selectByPage" parameterType="com.blog.bean.dto.PageForm" resultType="com.blog.bean.orm.table.AccessSource">
        select * from t_access_source
        <where>
            <if test="form.conditions != null">
                <if test="form.conditions.name != null and form.conditions.name != ''">
                    and form.conditions.name like concat('%', #{form.conditions.name}, '%')
                </if>
            </if>
        </where>
    </select>

</mapper>