<?xml version="1.0" encoding="UTF-8"?>
<!DOCTYPE mapper PUBLIC "-//mybatis.org//DTD Mapper 3.0//EN" "http://mybatis.org/dtd/mybatis-3-mapper.dtd">
<mapper namespace="com.blog.mapper.table.AccessInfoMapper" >

    <select id="selectByPage" parameterType="com.blog.bean.dto.PageForm" resultType="com.blog.bean.orm.table.AccessInfo">
        select * from t_access_info
        <where>
            <if test="form.conditions != null">
                <if test="form.conditions.url != null and form.conditions.url != ''">
                    and url like concat('%', #{form.conditions.url}, '%')
                </if>
                <if test="form.conditions.ip != null and form.conditions.ip != ''">
                    and ip like concat('%', #{form.conditions.ip}, '%')
                </if>
            </if>
        </where>
    </select>

</mapper>