<?xml version="1.0" encoding="UTF-8"?>
<!DOCTYPE mapper PUBLIC "-//mybatis.org//DTD Mapper 3.0//EN" "http://mybatis.org/dtd/mybatis-3-mapper.dtd">
<mapper namespace="com.blog.mapper.table.AuthorityMapper" >

    <select id="selectByPage" parameterType="com.blog.bean.dto.PageForm" resultType="com.blog.bean.orm.table.Authority">
        select * from t_authority
        <where>
            <if test="form.conditions != null">
                <if test="form.conditions.authorityName != null and form.conditions.authorityName != ''">
                    and authority_name like concat('%', #{form.conditions.authorityName}, '%')
                </if>
            </if>
        </where>
    </select>

</mapper>