<?xml version="1.0" encoding="UTF-8"?>
<!DOCTYPE mapper PUBLIC "-//mybatis.org//DTD Mapper 3.0//EN" "http://mybatis.org/dtd/mybatis-3-mapper.dtd">
<mapper namespace="com.blog.mapper.view.BlogViewMapper" >
    <select id="selectByPage" parameterType="com.blog.bean.dto.PageForm" resultType="com.blog.bean.orm.view.BlogView">
        select * from v_blog_view
        <where>
            <if test="form.conditions != null">
               <if test="form.conditions.title != null and form.conditions.title != ''">
                   and title like concat('%', #{form.conditions.title}, '%')
               </if>
               <if test="form.conditions.content != null and form.conditions.content != ''">
                   and content like concat('%', #{form.conditions.content}, '%')
               </if>
               <if test="form.conditions.creatorId != null and form.conditions.creatorId != ''">
                   and creator_id = #{form.conditions.creatorId}
               </if>
               <if test="form.conditions.createTime != null and form.conditions.createTime != ''">
                   and create_time = #{form.conditions.createTime}
               </if>
               <if test="form.conditions.password != null and form.conditions.password != ''">
                   and password like concat('%', #{form.conditions.password}, '%')
               </if>
               <if test="form.conditions.typeName != null and form.conditions.typeName != ''">
                   and type_name like concat('%', #{form.conditions.typeName}, '%')
               </if>
               <if test="form.conditions.message != null and form.conditions.message != ''">
                   and message like concat('%', #{form.conditions.message}, '%')
               </if>
            </if>
        </where>
    </select>
</mapper>