<?xml version="1.0" encoding="UTF-8"?>
<!DOCTYPE mapper PUBLIC "-//mybatis.org//DTD Mapper 3.0//EN" "http://mybatis.org/dtd/mybatis-3-mapper.dtd">
<mapper namespace="com.blog.mapper.table.BlogTypeMapper" >

    <select id="selectByPage" parameterType="com.blog.bean.dto.PageForm" resultType="com.blog.bean.orm.table.BlogType">
        select * from t_blog_type
        <where>
            <if test="form.conditions != null">
                <if test="form.conditions.typeName != null and form.conditions.typeName != ''">
                    and type_name like concat('%', #{form.conditions.typeName}, '%')
                </if>
                <if test="form.conditions.message != null and form.conditions.message != ''">
                    and message like concat('%', #{form.conditions.message}, '%')
                </if>
            </if>
        </where>
    </select>

</mapper>