<?xml version="1.0" encoding="UTF-8"?>
<!DOCTYPE mapper PUBLIC "-//mybatis.org//DTD Mapper 3.0//EN" "http://mybatis.org/dtd/mybatis-3-mapper.dtd">
<mapper namespace="com.blog.mapper.table.CodeContrastMapper" >

    <select id="selectByPage" parameterType="com.blog.bean.dto.PageBean" resultType="com.blog.bean.orm.table.CodeContrast">
        select * from t_code_contrast
        <where>
            <if test="form.conditions != null">
                <if test="form.conditions.name != null and form.conditions.name != ''">
                    and name like concat('%', #{form.conditions.name}, '%')
                </if>
                <if test="form.conditions.value != null and form.conditions.value != ''">
                    and value like concat('%', #{form.conditions.value}, '%')
                </if>
            </if>
        </where>
    </select>

</mapper>