<?xml version="1.0" encoding="UTF-8"?>
<!DOCTYPE mapper PUBLIC "-//mybatis.org//DTD Mapper 3.0//EN" "http://mybatis.org/dtd/mybatis-3-mapper.dtd">
<mapper namespace="com.blog.mapper.table.FriendMapper" >
    <select id="selectByPage" parameterType="com.blog.bean.dto.PageForm" resultType="com.blog.bean.orm.table.Friend">
        select * from t_friend
        <where>
            <if test="form.conditions != null">
                <if test="form.conditions.blogId != null and form.conditions.blogId != ''">
                    and blog_id = #{form.conditions.blogId}
                </if>
                and creator_id = #{form.conditions.creatorId}
                <if test="form.conditions.qq != null and ">
                    and qq = #{form.conditions.qq}
                </if>
                <if test="form.conditions.wechat != null and form.conditions.wechat != ''">
                    and wechat = #{form.conditions.wechat}
                </if>
                <if test="form.conditions.email != null and form.conditions.email != ''">
                    and email = #{form.conditions.email}
                </if>
                <if test="form.conditions.phone != null and form.conditions.phone != ''">
                    and phone = #{form.conditions.phone}
                </if>
                <if test="form.conditions.submitTime != null and form.conditions.submitTime != ''">
                    and submit_time = #{form.conditions.submitTime}
                </if>
            </if>
        </where>
    </select>
</mapper>