<?xml version="1.0" encoding="UTF-8"?>
<!DOCTYPE mapper PUBLIC "-//mybatis.org//DTD Mapper 3.0//EN" "http://mybatis.org/dtd/mybatis-3-mapper.dtd">
<mapper namespace="com.blog.mapper.table.ImageMapper" >
    <select id="selectByPage" parameterType="com.blog.bean.dto.PageForm" resultType="com.blog.bean.orm.table.Image">
        select * from t_image
        <where>
            <if test="form.conditions != null">
                <if test="form.conditions.id != null">
                    and id = #{form.conditions.id}
                </if>
                <if test="form.conditions.blogId != null">
                    and blog_id = #{form.conditions.blogId}
                </if>
                <if test="form.conditions.creatorId != null">
                    and creator_id = #{form.conditions.creatorId}
                </if>
                <if test="form.conditions.originalFilename != null and form.conditions.originalFilename != ''">
                    and original_filename like concat('%', #{form.conditions.originalFilename}, '%')
                </if>
                <if test="form.conditions.filename and form.conditions.filename != ''">
                    and filename like concat('%', #{form.conditions.filename}, '%')
                </if>
                <if test="form.conditions.uploadTime != null">
                    and upload_time = #{form.conditions.uploadTime}
                </if>
                <if test="form.conditions.password != null and form.conditions.password != ''">
                    and password = #{form.conditions.password}
                </if>
            </if>
        </where>
    </select>
</mapper>