<?xml version="1.0" encoding="UTF-8"?>
<!DOCTYPE mapper PUBLIC "-//mybatis.org//DTD Mapper 3.0//EN" "http://mybatis.org/dtd/mybatis-3-mapper.dtd">
<mapper namespace="com.blog.mapper.table.LogMapper" >
    <select id="selectByPage" parameterType="com.blog.bean.dto.PageForm" resultType="com.blog.bean.orm.table.Log">
        select * from t_log
        <where>
            <if test="form.conditions != null">
                <if test="form.conditions.level != null and form.conditions.level != ''">
                    and level = #{form.conditions.level}
                </if>
                <if test="form.conditions.message != null and form.conditions.message != ''">
                    and message like concat('%', #{form.conditions.message}, '%')
                </if>
            </if>
        </where>
    </select>
</mapper>