<?xml version="1.0" encoding="UTF-8"?>
<!DOCTYPE mapper PUBLIC "-//mybatis.org//DTD Mapper 3.0//EN" "http://mybatis.org/dtd/mybatis-3-mapper.dtd">
<mapper namespace="com.blog.mapper.view.UserViewMapper" >
    <select id="selectByPage" parameterType="com.blog.bean.dto.PageForm" resultType="com.blog.bean.orm.view.UserView">
        select id, username, create_time, email, message, file_directory, status, birthday from v_user_view
        <where>
            <if test="form.conditions != null">
                <if test="form.conditions.username != null and form.conditions.username != ''">
                    and username like concat('%', #{form.conditions.username}, '%')
                </if>
                <if test="form.conditions.createTime != null and form.conditions.createTime != ''">
                    and create_time = #{form.conditions.createTime}
                </if>
                <if test="form.conditions.email != null and form.conditions.email != ''">
                    and email like concat('%', #{form.conditions.email}, '%')
                </if>
                <if test="form.conditions.message != null and form.conditions.message != ''">
                    and message like concat('%', #{form.conditions.message}, '%')
                </if>
                <if test="form.conditions.fileDirectory != null and form.conditions.fileDirectory != ''">
                    and file_directory like concat('%', #{form.conditions.fileDirectory}, '%')
                </if>
                <if test="form.conditions.status != null and form.conditions.status != ''">
                    and status = #{form.conditions.status}
                </if>
            </if>
        </where>
    </select>
</mapper>